{
  "batch": 1,
  "trial": 2,
  "timestamp": "2026-06-14T10:57:39.388457",
  "params": {
    "n_estimators": 889,
    "max_depth": 8,
    "learning_rate": 0.023630940805565985,
    "subsample": 0.6447649604278726,
    "colsample_bytree": 0.8591660762471713,
    "reg_alpha": 1.719629275688939,
    "reg_lambda": 0.0012873610299913188,
    "min_child_weight": 6,
    "gamma": 0.818294241537209
  },
  "val_accuracy": 58.7287,
  "walk_forward_acc": 0.0,
  "test_accuracy": 58.7051,
  "log_loss": 0.9108,
  "brier": 0.1784,
  "train_accuracy": 85.0108,
  "overfit_gap": 26.3057
}