{
  "run_at": "2026-06-15T18:33:52.731442+00:00",
  "verdict": "PASS",
  "tournaments": [
    {
      "wc_year": 2014,
      "n_matches": 64,
      "log_loss": 0.9398061690821906,
      "brier_score": 0.1856202890349595,
      "top_pick_accuracy": 0.59375,
      "calibration_error": 0.10138630202977487,
      "roi_simulated": 0.24017787249773623
    },
    {
      "wc_year": 2018,
      "n_matches": 64,
      "log_loss": 0.9607992439062044,
      "brier_score": 0.19175687589834745,
      "top_pick_accuracy": 0.53125,
      "calibration_error": 0.09339821372897139,
      "roi_simulated": -0.01004472511635846
    },
    {
      "wc_year": 2022,
      "n_matches": 64,
      "log_loss": 1.0748280775718224,
      "brier_score": 0.20726774034715836,
      "top_pick_accuracy": 0.515625,
      "calibration_error": 0.09356324318495537,
      "roi_simulated": -0.01136022343261279
    }
  ],
  "average": {
    "log_loss": 0.9918,
    "brier_score": 0.1949,
    "top_pick_accuracy": 0.5469,
    "roi_simulated": 0.0729
  },
  "thresholds": {
    "log_loss": 1.05,
    "brier": 0.22,
    "accuracy": 0.45,
    "roi": -0.05
  },
  "failures": [],
  "warnings": []
}