{
  "batches": [
    {
      "batch": 1,
      "total_runs": 3,
      "best": {
        "batch": 1,
        "model": "XGBoost",
        "method": "optuna",
        "params": {
          "n_estimators": 410,
          "max_depth": 5,
          "learning_rate": 0.01044588814078602,
          "subsample": 0.6034319422463172,
          "colsample_bytree": 0.6451782901992434,
          "reg_alpha": 0.023419445318988156,
          "reg_lambda": 0.3902047553559881,
          "min_child_weight": 8,
          "gamma": 0.9585656980087417
        },
        "val_accuracy": 60.7211,
        "accuracy": 60.1658,
        "log_loss": 0.8805,
        "brier": 0.1724,
        "train_accuracy": 62.6218,
        "overfit_gap": 2.4559,
        "walk_forward_acc": 58.9256
      },
      "timestamp": "2026-06-13T19:26:27.735821"
    }
  ],
  "all_runs": [
    {
      "batch": 1,
      "model": "XGBoost",
      "method": "optuna",
      "params": {
        "n_estimators": 410,
        "max_depth": 5,
        "learning_rate": 0.01044588814078602,
        "subsample": 0.6034319422463172,
        "colsample_bytree": 0.6451782901992434,
        "reg_alpha": 0.023419445318988156,
        "reg_lambda": 0.3902047553559881,
        "min_child_weight": 8,
        "gamma": 0.9585656980087417
      },
      "val_accuracy": 60.7211,
      "accuracy": 60.1658,
      "log_loss": 0.8805,
      "brier": 0.1724,
      "train_accuracy": 62.6218,
      "overfit_gap": 2.4559,
      "walk_forward_acc": 58.9256
    },
    {
      "batch": 1,
      "model": "RandomForest",
      "method": "optuna",
      "params": {
        "n_estimators": 620,
        "max_depth": 18,
        "min_samples_split": 19,
        "min_samples_leaf": 1,
        "max_features": 0.5
      },
      "val_accuracy": 61.1006,
      "accuracy": 59.9289,
      "log_loss": 0.8921,
      "brier": 0.1749,
      "train_accuracy": 86.526,
      "overfit_gap": 26.597,
      "walk_forward_acc": 58.3277
    },
    {
      "batch": 1,
      "model": "GradientBoosting",
      "method": "optuna",
      "params": {
        "n_estimators": 243,
        "max_depth": 8,
        "learning_rate": 0.010055442166028961,
        "subsample": 0.6710363597834259,
        "min_samples_split": 10
      },
      "val_accuracy": 60.5313,
      "accuracy": 59.8105,
      "log_loss": 0.893,
      "brier": 0.1748,
      "train_accuracy": 77.6786,
      "overfit_gap": 17.8681,
      "walk_forward_acc": 58.1288
    }
  ],
  "best_per_model": {
    "XGBoost": {
      "batch": 1,
      "model": "XGBoost",
      "method": "optuna",
      "params": {
        "n_estimators": 410,
        "max_depth": 5,
        "learning_rate": 0.01044588814078602,
        "subsample": 0.6034319422463172,
        "colsample_bytree": 0.6451782901992434,
        "reg_alpha": 0.023419445318988156,
        "reg_lambda": 0.3902047553559881,
        "min_child_weight": 8,
        "gamma": 0.9585656980087417
      },
      "val_accuracy": 60.7211,
      "accuracy": 60.1658,
      "log_loss": 0.8805,
      "brier": 0.1724,
      "train_accuracy": 62.6218,
      "overfit_gap": 2.4559,
      "walk_forward_acc": 58.9256
    },
    "RandomForest": {
      "batch": 1,
      "model": "RandomForest",
      "method": "optuna",
      "params": {
        "n_estimators": 620,
        "max_depth": 18,
        "min_samples_split": 19,
        "min_samples_leaf": 1,
        "max_features": 0.5
      },
      "val_accuracy": 61.1006,
      "accuracy": 59.9289,
      "log_loss": 0.8921,
      "brier": 0.1749,
      "train_accuracy": 86.526,
      "overfit_gap": 26.597,
      "walk_forward_acc": 58.3277
    },
    "GradientBoosting": {
      "batch": 1,
      "model": "GradientBoosting",
      "method": "optuna",
      "params": {
        "n_estimators": 243,
        "max_depth": 8,
        "learning_rate": 0.010055442166028961,
        "subsample": 0.6710363597834259,
        "min_samples_split": 10
      },
      "val_accuracy": 60.5313,
      "accuracy": 59.8105,
      "log_loss": 0.893,
      "brier": 0.1748,
      "train_accuracy": 77.6786,
      "overfit_gap": 17.8681,
      "walk_forward_acc": 58.1288
    }
  }
}